<?xml version="1.0" encoding="UTF-8"?>
<project-private xmlns="http://www.netbeans.org/ns/project-private/1">
    <editor-bookmarks xmlns="http://www.netbeans.org/ns/editor-bookmarks/2" lastBookmarkId="0"/>
    <open-files xmlns="http://www.netbeans.org/ns/projectui-open-files/2">
        <group>
            <file>file:/C:/Users/mga/Documents/Data/Modules/Programming%202/Blackboard/Labs/Lab%206/CollectionsStarter/src/model/Customer.java</file>
            <file>file:/C:/Users/mga/Documents/Data/Modules/Programming%202/Blackboard/Labs/Lab%206/CollectionsStarter/src/model/CustomerType.java</file>
            <file>file:/C:/Users/mga/Documents/Data/Modules/Programming%202/Blackboard/Labs/Lab%206/CollectionsStarter/src/model/Employee.java</file>
        </group>
    </open-files>
</project-private>
