<?xml version="1.0" encoding="UTF-8"?>
<project-private xmlns="http://www.netbeans.org/ns/project-private/1">
    <editor-bookmarks xmlns="http://www.netbeans.org/ns/editor-bookmarks/2" lastBookmarkId="0"/>
    <open-files xmlns="http://www.netbeans.org/ns/projectui-open-files/2">
        <group>
            <file>file:/C:/Users/rober/Documents/Uni/AttendanceAppStarter/src/controllers/AttendanceController_Increment2.java</file>
            <file>file:/C:/Users/rober/Documents/Uni/AttendanceAppStarter/src/controllers/AttendanceController_Increment4.java</file>
            <file>file:/C:/Users/rober/Documents/Uni/AttendanceAppStarter/src/model/Swipe.java</file>
            <file>file:/C:/Users/rober/Documents/Uni/AttendanceAppStarter/src/controllers/AttendanceController_Increment1.java</file>
            <file>file:/C:/Users/rober/Documents/Uni/AttendanceAppStarter/src/controllers/AttendanceController_Increment5.java</file>
            <file>file:/C:/Users/rober/Documents/Uni/AttendanceAppStarter/src/controllers/AttendanceController_Increment3.java</file>
            <file>file:/C:/Users/rober/Documents/Uni/AttendanceAppStarter/src/model/VisitorSwipe.java</file>
            <file>file:/C:/Users/rober/Documents/Uni/AttendanceAppStarter/src/attendanceapp/AttendanceApp.java</file>
            <file>file:/C:/Users/rober/Documents/Uni/AttendanceAppStarter/src/repositories/Repository.java</file>
            <file>file:/C:/Users/rober/Documents/Uni/AttendanceAppStarter/src/daos/DAOTextImpl.java</file>
        </group>
    </open-files>
</project-private>
