<?xml version="1.0" encoding="UTF-8"?>
<project-private xmlns="http://www.netbeans.org/ns/project-private/1">
    <editor-bookmarks xmlns="http://www.netbeans.org/ns/editor-bookmarks/2" lastBookmarkId="0"/>
    <open-files xmlns="http://www.netbeans.org/ns/projectui-open-files/2">
        <group>
            <file>file:/C:/Users/rober/Documents/Uni/DSACW_RobertWildman/src/dsacw/DsaCW.java</file>
            <file>file:/C:/Users/rober/Documents/Uni/DSACW_RobertWildman/src/dsacw/EnumCoin.java</file>
            <file>file:/C:/Users/rober/Documents/Uni/DSACW_RobertWildman/src/dsacw/Part1.java</file>
            <file>file:/C:/Users/rober/Documents/Uni/DSACW_RobertWildman/src/dsacw/Coin.java</file>
            <file>file:/C:/Users/rober/Documents/Uni/DSACW_RobertWildman/src/dsacw/CourseWork.java</file>
            <file>file:/C:/Users/rober/Documents/Uni/DSACW_RobertWildman/src/dsacw/TestPart1.java</file>
            <file>file:/C:/Users/rober/Documents/Uni/DSACW_RobertWildman/src/dsacw/IDisplayable.java</file>
        </group>
    </open-files>
</project-private>
